percentile,selected_n,yield_rate,enrichment
5,75,0.52,2.2873900293255134
10,150,0.54,2.375366568914956
15,225,0.5155555555555555,2.2678396871945257
20,300,0.4666666666666667,2.0527859237536656
25,375,0.43466666666666665,1.912023460410557
30,450,0.4088888888888889,1.798631476050831
35,525,0.38857142857142857,1.709258483452032
40,600,0.38,1.6715542521994136
45,675,0.36592592592592593,1.6096448354512871
50,750,0.34,1.495601173020528
